Race Date,Race Name,Year
Mar 26 - 28,Bahrain GP,2021
Apr 16 - 18,Emilia Romagna GP,2021
Apr 30 - May 2,Portuguese GP,2021
May 7 - 9,Spanish GP,2021
May 20 - 23,Monaco GP,2021
Jun 4 - 6,Socar Azerbaijan GP,2021
Jun 18 - 20,French GP,2021
Jun 25 - 27,Austrian GP,2021
Jul 2 - 4,Austrian GP 2,2021
Jul 16 - 18,British GP,2021
Jul 30 - Aug 1,Hungarian GP,2021
Aug 27 - 29,Belgian GP,2021
Sep 3 - 5,Dutch GP,2021
Sep 10 - 12,Italian GP,2021
Sep 24 - 26,VTB Russian GP,2021
Oct 8 - 10,Turkish GP,2021
Oct 22 - 24,United States GP,2021
Nov 5 - 7,Mexican GP,2021
Nov 12 - 14,Brazilian GP,2021
Nov 19 - 21,Qatar GP,2021
Dec 3 - 5,Saudi Arabian GP,2021
Dec 10 - 12,Etihad Airways Abu Dhabi GP,2021
Mar 18 - 20,Gulf Air Bahrain GP,2022
Mar 25 - 27,STC Saudi Arabian GP,2022
Apr 7 - 10,Heineken Australian GP,2022
Apr 22 - 24,Rolex Emilia Romagna GP,2022
May 6 - 8,Crypto.com Miami GP,2022
May 20 - 22,Pirelli Spanish GP,2022
May 27 - 29,Monaco GP,2022
Jun 10 - 12,Azerbaijan GP,2022
Jun 17 - 19,AWS Canada GP,2022
Jul 1 - 3,Lenovo British GP,2022
Jul 8 - 10,Rolex Austrian GP,2022
Jul 22 - 24,Lenovo French GP,2022
Jul 29 - 31,Aramco Hungarian GP,2022
Aug 26 - 28,Rolex Belgian GP,2022
Sep 2 - 4,Heineken Dutch GP,2022
Sep 9 - 11,Pirelli Italian GP,2022
Sep 30 - Oct 2,Singapore Air Singapore GP,2022
Oct 6 - 9,Honda Japanese GP,2022
Oct 21 - 23,Aramco United States GP,2022
Oct 28 - 30,Mexico GP,2022
Nov 11 - 13,Heineken Brazil GP,2022
Nov 18 - 20,Etihad Airways Abu Dhabi GP,2022
Mar 3 - 5,Gulf Air Bahrain GP,2023
Mar 17 - 19,STC Saudi Arabian GP,2023
Mar 30 - Apr 2,Rolex Australian GP,2023
Apr 28 - 30,Azerbaijan GP,2023
May 5 - 7,Crypto.com Miami GP,2023
May 26 - 28,Monaco GP,2023
Jun 2 - 4,AWS Spanish GP,2023
Jun 16 - 18,Pirelli Canadian GP,2023
Jun 30 - Jul 2,Rolex Austrian GP,2023
Jul 7 - 9,Aramco British GP,2023
Jul 21 - 23,Qatar Airways Hungarian GP,2023
Jul 28 - 30,MSC Cruises Belgian GP,2023
Aug 25 - 27,Heineken Dutch GP,2023
Sep 1 - 3,Pirelli Italian GP,2023
Sep 15 - 17,Singapore Airlines Singapore GP,2023
Sep 21 - 24,Lenovo Japanese GP,2023
Oct 6 - 8,Qatar Airways Qatar GP,2023
Oct 20 - 22,Lenovo United States GP,2023
Oct 27 - 29,Mexico City GP,2023
Nov 3 - 5,Rolex São Paulo GP,2023
Nov 16 - 19,Heineken Las Vegas GP,2023
Nov 24 - 26,Etihad Airways Abu Dhabi GP,2023
Feb 29 - Mar 2,Gulf Air Bahrain GP,2024
Mar 7 - 9,STC Saudi Arabian GP,2024
Mar 21 - 24,Rolex Australian GP,2024
Apr 4 - 7,MSC Cruises Japanese GP,2024
Apr 18 - 21,Lenovo Chinese GP,2024
May 3 - 5,Crypto.com Miami GP,2024
May 17 - 19,MSC Cruises Emilia Romagna GP,2024
May 24 - 26,Monaco GP,2024
Jun 7 - 9,AWS Canadian GP,2024
Jun 21 - 23,Aramco Spanish GP,2024
Jun 28 - 30,Qatar Airways Austrian GP,2024
Jul 5 - 7,Qatar Airways British GP,2024
Jul 19 - 21,Hungarian GP,2024
Jul 26 - 28,Rolex Belgian GP,2024
Aug 23 - 25,Heineken Dutch GP,2024
Aug 30 - Sep 1,Pirelli Italian GP,2024
Sep 13 - 15,Qatar Airways Azerbaijan GP,2024
Sep 20 - 22,Singapore Airlines Singapore GP,2024
Oct 18 - 20,Pirelli United States GP,2024
Oct 25 - 27,Mexico City GP,2024
Nov 1 - 3,Lenovo São Paulo GP,2024
Nov 21 - 24,Heineken Las Vegas GP,2024
Nov 29 - Dec 1,Qatar Airways Qatar GP,2024
Dec 6 - 8,Etihad Airways Abu Dhabi GP,2024
Mar 13 - 16,Louis Vuitton Australian GPMelbourne Grand Prix Circuit,2025
Mar 20 - 23,Heineken Chinese GPShanghai International Circuit,2025
Apr 3 - 6,Lenovo Japanese GPSuzuka International Racing Course,2025
Apr 11 - 13,Gulf Air Bahrain GPBahrain International Circuit,2025
Apr 18 - 20,STC Saudi Arabian GPJeddah Street Circuit,2025
May 2 - 4,Crypto.com Miami GPMiami International Autodrome,2025
May 16 - 18,AWS Made in Italy Emilia Romagna GPAutodromo Enzo e Dino Ferrari,2025
May 23 - 25,Tag Heuer Monaco GPCircuit de Monaco,2025
May 30 - Jun 1,Aramco Spanish GPMadring,2025
Jun 13 - 15,Pirelli Canadian GPCircuit Gilles-Villeneuve,2025
Jun 27 - 29,MSC Cruises Austrian GPRed Bull Ring,2025
Jul 4 - 6,Qatar Airways British GPSilverstone Circuit,2025
Jul 25 - 27,Moët & Chandon Belgian GPCircuit de Spa-Francorchamps,2025
Aug 1 - 3,Lenovo Hungarian GPHungaroring,2025
Aug 29 - 31,Heineken Dutch GPCircuit Park Zandvoort,2025
Sep 5 - 7,Pirelli Italian GPAutodromo Nazionale Monza,2025
Sep 19 - 21,Qatar Airways Azerbaijan GPBaku City Circuit,2025
Oct 3 - 5,Singapore Airlines Singapore GPMarina Bay Street Circuit,2025
Oct 17 - 19,MSC Cruises United States GPCircuit of the Americas,2025
Oct 24 - 26,Mexico City GPAutodromo Hermanos Rodriguez,2025
Nov 7 - 9,MSC Cruises São Paulo GPAutodromo Jose Carlos Pace,2025
Nov 20 - 22,Heineken Las Vegas GPLas Vegas Street Circuit,2025
Nov 28 - 30,Qatar Airways Qatar GPLosail International Circuit,2025
Dec 5 - 7,Etihad Airways Abu Dhabi GPYas Marina Circuit,2025
